week,Keyword,posts
2026-04-20,AI Agents,4
2026-04-20,AWS,1
2026-04-20,Automation,5
2026-04-20,ChatGPT,4
2026-04-20,Data Engineering,4
2026-04-20,Databricks,2
2026-04-20,Digital Marketing,3
2026-04-20,Digital Transformation,1
2026-04-20,Influencer Marketing,1
2026-04-20,SEO,12
2026-04-20,SaaS,2
2026-04-20,Startup,4
2026-04-27,AI Agents,21
2026-04-27,AWS,12
2026-04-27,Automation,60
2026-04-27,ChatGPT,35
2026-04-27,Data Engineering,21
2026-04-27,Databricks,24
2026-04-27,Digital Marketing,75
2026-04-27,Digital Transformation,2
2026-04-27,Influencer Marketing,10
2026-04-27,SEO,59
2026-04-27,SaaS,11
2026-04-27,Startup,23
2026-05-04,AI Agents,18
2026-05-04,AWS,16
2026-05-04,Automation,39
2026-05-04,ChatGPT,38
2026-05-04,Data Engineering,46
2026-05-04,Databricks,23
2026-05-04,Digital Marketing,51
2026-05-04,Influencer Marketing,11
2026-05-04,SEO,69
2026-05-04,SaaS,22
2026-05-04,Startup,52
2026-05-11,AI Agents,61
2026-05-11,AWS,15
2026-05-11,Automation,81
2026-05-11,ChatGPT,75
2026-05-11,Data Engineering,40
2026-05-11,Databricks,28
2026-05-11,Digital Marketing,117
2026-05-11,Digital Transformation,2
2026-05-11,Influencer Marketing,16
2026-05-11,SEO,70
2026-05-11,SaaS,22
2026-05-11,Startup,62
2026-05-18,AI Agents,77
2026-05-18,AWS,68
2026-05-18,Automation,101
2026-05-18,ChatGPT,144
2026-05-18,Data Engineering,30
2026-05-18,Databricks,36
2026-05-18,Digital Marketing,59
2026-05-18,Influencer Marketing,4
2026-05-18,SEO,98
2026-05-18,SaaS,18
2026-05-18,Startup,61
2026-05-25,AI Agents,64
2026-05-25,AWS,45
2026-05-25,Automation,113
2026-05-25,ChatGPT,123
2026-05-25,Data Engineering,27
2026-05-25,Databricks,26
2026-05-25,Digital Marketing,83
2026-05-25,Digital Transformation,1
2026-05-25,Influencer Marketing,6
2026-05-25,SEO,122
2026-05-25,SaaS,72
2026-05-25,Startup,93
2026-06-01,AI Agents,146
2026-06-01,AWS,40
2026-06-01,Automation,154
2026-06-01,ChatGPT,85
2026-06-01,Data Engineering,32
2026-06-01,Databricks,25
2026-06-01,Digital Marketing,78
2026-06-01,Digital Transformation,7
2026-06-01,Influencer Marketing,10
2026-06-01,SEO,97
2026-06-01,SaaS,129
2026-06-01,Startup,52
2026-06-08,AI Agents,147
2026-06-08,AWS,50
2026-06-08,Automation,113
2026-06-08,ChatGPT,54
2026-06-08,Data Engineering,29
2026-06-08,Databricks,37
2026-06-08,Digital Marketing,69
2026-06-08,Digital Transformation,2
2026-06-08,Influencer Marketing,7
2026-06-08,SEO,44
2026-06-08,SaaS,58
2026-06-08,Startup,91
2026-06-15,AI Agents,211
2026-06-15,AWS,54
2026-06-15,Automation,170
2026-06-15,ChatGPT,292
2026-06-15,Data Engineering,47
2026-06-15,Databricks,91
2026-06-15,Digital Marketing,71
2026-06-15,Digital Transformation,22
2026-06-15,Influencer Marketing,34
2026-06-15,SEO,74
2026-06-15,SaaS,73
2026-06-15,Startup,148
2026-06-22,AI Agents,338
2026-06-22,AWS,194
2026-06-22,Automation,451
2026-06-22,ChatGPT,1078
2026-06-22,Data Engineering,153
2026-06-22,Databricks,140
2026-06-22,Digital Marketing,183
2026-06-22,Digital Transformation,167
2026-06-22,Influencer Marketing,197
2026-06-22,SEO,216
2026-06-22,SaaS,258
2026-06-22,Startup,373
2026-06-29,AI Agents,423
2026-06-29,AWS,80
2026-06-29,Automation,321
2026-06-29,ChatGPT,637
2026-06-29,Data Engineering,13
2026-06-29,Databricks,21
2026-06-29,Digital Marketing,88
2026-06-29,Influencer Marketing,136
2026-06-29,SEO,82
2026-06-29,SaaS,91
2026-06-29,Startup,108
2026-07-06,AI Agents,343
2026-07-06,AWS,150
2026-07-06,Automation,192
2026-07-06,ChatGPT,894
2026-07-06,Data Engineering,108
2026-07-06,Databricks,59
2026-07-06,Digital Marketing,75
2026-07-06,Digital Transformation,26
2026-07-06,Influencer Marketing,108
2026-07-06,SEO,142
2026-07-06,SaaS,118
2026-07-06,Startup,338
2026-07-13,AI Agents,459
2026-07-13,AWS,162
2026-07-13,Automation,194
2026-07-13,ChatGPT,481
2026-07-13,Data Engineering,158
2026-07-13,Databricks,177
2026-07-13,Digital Marketing,146
2026-07-13,Digital Transformation,125
2026-07-13,Influencer Marketing,121
2026-07-13,SEO,130
2026-07-13,SaaS,232
2026-07-13,Startup,298
