post_id,Platform,Keyword,Content,gold_label
4653,instagram,Influencer Marketing,"📩DM for PR, collaborations, product reviews, and content creation service. ᴄᴏɴᴛᴇɴᴛᴄʀᴇᴀᴛᴏʀ productreview ugccontent contentmarketing brandcollab collaboration productphotography videoproduction behindthescenesbusiness creativestudio socialmediamarketingtips digitalcreator influencermarketing authenticcontent contentcreation reelsi̇nstagram ınstagramreels tiktokmarketing videography studiosetup marketingstrategy smallbusinessmarketing creatoreconomy brandawareness socialmediagrowth creativecontent reviewvideo unboxingexperience dmforcollab contentstudio 1d",neutral
4602,instagram,Digital Marketing,"Ready to stop chasing dead-end prospects and start filling your pipeline with clients who are actually ready to buy? 📈💼 A steady stream of revenue starts with a data-driven strategy. At Top Dog Digital Marketing, our Lead Generation Services are engineered to connect your business with the right audience. We don't just find names, we build optimized campaigns that attract and convert high-quality leads. Stop leaving your sales pipeline to chance and let us do the heavy lifting. 🎯 What we focus on: 🚀 Attracting highly targeted prospects ⚡ Optimizing conversion strategies 📈 Driving measurable business growth Ready to scale your business? Let's build a lead generation engine that works for you. 🌐 Visit: topdogdigital.ai topdogdigital leadgeneration digitalmarketing b2bleads marketingstrategy salespipeline leadgen customeracquisition businessgrowth marketingagency highqualityleads conversionrate webdevelopment canada",positive
136,youtube,ChatGPT,Thank you Bro,positive
4475,instagram,Automation,I got tired of manual invoice entry… so I built a solution. Now it: 📄 Reads PDF invoices 📊 Extracts structured data 🚫 Avoids duplicate entries ⚡ Updates Excel automatically Built using Python + Streamlit. Would you want this for your business workflow? python automation dataanalytics,positive
208,youtube,ChatGPT,Fack west of time is not correct English.You may mean,negative
4595,instagram,Digital Marketing,"Social media = the heartbeat of Port Charlotte! 🧡 From Facebook to LinkedIn, we craft tailored, platform-perfect strategies that start conversations, tell stories, and build a lasting local legacy. 🚀🤝 PortCharlotte Vontainment Let’s chat about your strategy PortCharlotte SWFL Vontainment DigitalMarketing LocalBusiness",positive
4583,instagram,Data Engineering,"🚀 Azure & Microsoft Fabric Data Engineering – Real Time Program (Program 2) 🎯 RTP New Batch Starting Tomorrow! Looking to gain real-time project experience and placement support in Azure Data Engineering? Join our Real Time Program (Placement Assistance Program) and work on industry-based scenarios, sprint tasks, mock interviews, resume preparation, and job referrals. ✅ Real-Time Project Experience ✅ 100% Placement Assistance ✅ Mock Interviews ✅ Resume Preparation ✅ Sprint-Based Learning ✅ Job Referral Support 👨‍🏫 Mentor: Ram Boyapati ⭐ 14+ Years Industry Experience 📅 Date: 20-June-2026 ⏰ Time: 8:00 AM (IST) 🔗 Join Zoom Session: 🆔 Meeting ID: 892 0668 1409 🔑 Passcode: 669410 ✨ Don’t miss this opportunity to learn, practice, and get placed. EClasess Edtech Learn • Practice • Get Placed AzureDataEngineering MicrosoftFabric AzureDatabricks DataEngineering PlacementAssistance EClasessEdtech AzureTraining PySpark DataEngineer RamBoyapati",positive
4530,instagram,Databricks,"Learn ETL, Data Engineering, and industry-leading technologies with VMARGA—your path to a successful data career. vmarga dataengineering aws azur databricks",positive
761,youtube,AI Agents,Great explanation,positive
954,youtube,Automation,thanks,positive
176,youtube,ChatGPT,Manda ham bor chat gpt😂😂😂,neutral
3980,youtube,Startup,awesome content sir.well explained.,positive
4448,instagram,ChatGPT,Promt 👉 chat gpt trend chatgpt highlights,neutral
3373,youtube,Influencer Marketing,The host lack depth and clarity in questions.,negative
4569,instagram,Data Engineering,"Learn ETL, Data Engineering, and industry-leading technologies with VMARGA—your path to a successful data career. vmarga dataengineering aws azur databricks",positive
4605,instagram,Digital Marketing,"ChatGPT is quietly replacing Google for business discovery. So I ran an experiment. I tested how ChatGPT actually recommends businesses, across 5 industries and dozens of queries. The result surprised me. AI does not rank websites the way Google does. It ranks entities. Brand mentions matter more than backlinks. Reddit threads carry more weight than most marketers realize. And consistency across the web matters more than polish on any single page. I broke down all 7 ranking signals in this carousel. Swipe through. GEO (Generative Engine Optimization) is becoming the SEO of 2026. The brands that understand this now will own AI search visibility before their competitors even notice the shift happened. Want the full framework? Follow MarTech Union — trusted by MNC companies, used by global marketing teams, adopted by enterprise growth teams who saw this coming early. AI DigitalMarketing SEO ChatGPT geo",positive
4565,instagram,Data Engineering,"🚀 1 DAY TO GO! Ready to learn Databricks, Apache Spark, Data Engineering, and AI in one powerful LIVE session? Join our FREE Databricks Training with AI Webinar and gain practical knowledge through real-world use cases, hands-on demonstrations, and expert guidance. Link : 📅 June 20, 2026 ⏰ 8:00 AM IST 💻 Live Online ✅ Databricks Lakehouse Architecture ✅ Apache Spark ✅ AI-Powered Data Engineering ✅ Data Pipelines & ETL ✅ Machine Learning Integration ✅ Real-World Projects 🔥 Limited Seats Available 📲 Contact: +919951440801 🌐 Databricks DatabricksTraining AI ArtificialIntelligence ApacheSpark DataEngineering BigData MachineLearning DataAnalytics Lakehouse CloudComputing SQLSchool DataScience ETL CareerGrowth OnlineLearning TechTraining DataProfessionals LiveWebinar FreeTraining",positive
1588,youtube,AWS,Great explanation and I got a score of 810 Thank you,positive
1542,youtube,AWS,Is there a pdf or a webpage for this?,neutral
4700,instagram,SaaS,"**Lemlist vs Instantly**: Which enterprise powerhouse fits your stack? **Best for Lemlist**: ✓ Templates & personalization at scale ✓ Advanced email analytics & A/B testing ✓ Integrations with CRM and marketing tools **Best for Instantly**: ✓ Cold outreach automation & drip campaigns ✓ Instant email validation & deliverability tools ✓ Real-time analytics & engagement insights Compare features, costs, and ROI in our deep dive! 🚀 Read the full breakdown at: B2B SaaS TechStack AgentStackPro LemlistvsInstantly",positive
3941,youtube,Startup,Still it&39;s unhealthy,negative
1537,youtube,AWS,Option 1 is incorrect.,negative
4236,youtube,Digital Transformation,Comprehensive yet compact explanations with appropriate examples. Thankyou very much LeanVlog!🤩🤩,positive
4670,instagram,Startup,"🍫 Meltorica is a chocolate brand that provides a wide range of delicious chocolates, including truffles, chocolate bars, dry fruit chocolates, gift packs, and customized chocolates for birthdays, anniversaries, parties, and special celebrations. 🎁✨ Made with premium ingredients and lots of love, every bite is rich, indulgent, and crafted to make your moments sweeter. 🍫❤️ . . chocolate newlaunch startup meltorica homemade",positive
4584,instagram,Data Engineering,"3,000+ data professionals. One growing community. From sharing 1,000+ job opportunities to enabling 500+ referrals, DataVerse Hub has become a place where Data Engineers, Analysts, Data Scientists, and AI professionals learn, network, and grow together. Today, we’re excited to announce that Group 4 is now open. Thank you to every member who has contributed to this journey. The best is yet to come. Link in bio. DataVerseHub DataEngineering DataScience ArtificialIntelligence",positive
888,youtube,Automation,"Hey! I&39;m new to your page and was wondering if you do the video editing by yourself too??, it&39;s really good!!",positive
4522,instagram,AWS,"🚀Exciting opportunity for an experienced Java Backend Developer with AWS expertise to build and manage cloud-native applications. 📍 Bangalore | WFO 💼 Experience: 6–9 Years Bring your skills in Java, AWS, REST APIs, Cloud Architecture, and Production Support to a dynamic team. 📩 Apply now: sankar .com JavaDeveloper AWS CloudComputing BackendDeveloper CloudArchitecture SoftwareJobs HiringNow TechJobs Velansys BangaloreJobs AWSJobs",positive
4711,instagram,SaaS,"Gartner calls us ""an identity-centric SaaS management platform"" using RPA to automate SaaS license validation, access reviews, and the full employee lifecycle, from onboarding to offboarding. The market is moving fast. Gartner projects 70%+ of organizations will centralize SaaS management by 2028. We're building the platform that gets them there. Gartner SaaSManagement Asignet MagicQuadrant SaaS ITSpend",positive
1877,youtube,Databricks,Definitely the best Databricks course on youtube!,positive
1939,youtube,Databricks,"You speak way too fast while explaining the steps on the tool, someone who is new to the tool can&39;t keep the pace, we don&39;t watch videos to see how amazing and fast YOU are with the tool, we come to learn it",negative
3719,youtube,Startup,"Great TedTalk! Although one question, if timing is contributing as a key success factor, wouldn&39;t that mean the business risk the failure if that right phase is passed out?",positive
4551,instagram,Databricks,"Databricks Certified Data Engineer Associate Questions for Data Engineering Success The Databricks Certified Data Engineer Associate certification validates the skills needed to build and manage modern data pipelines. With PrepBolt, candidates can prepare using updated Databricks Certified Data Engineer Associate questions covering data transformation, ETL processes, data lakes, and analytics workflows. Whether you're searching for Databricks Data Engineer Associate questions, practice tests, exam questions, or certification preparation materials, effective practice can improve your confidence. PrepBolt provides realistic preparation resources designed around current certification objectives and industry-relevant data engineering concepts. Working through Data Engineer Associate practice questions, Databricks certification questions, and real-world data processing scenarios can help strengthen your skills and prepare you for certification success. 🔥 Start your Databricks certification journey and advance your data engineering career! Databricks DataEngineer DataEngineering BigData DataPipelines Analytics CloudData DatabricksCertification PrepBolt ExamPrep",positive
4016,youtube,Startup,"The part where he says it is impossible to change in your 40s or 59’s: is a bold-faced lie. Maybe it gratifies his ego to think that or maybe that is some outdated education that he received. However, there are numerous scientific studies that prove that behaviours can be learned or unlearned as long as the human is motivated to change &amp; improve … at ANY AGE. 0:00",negative
1803,youtube,Databricks,You have explained it very well. Thanks,positive
4612,instagram,SEO,"🚀 When you finally choose the right Digital Marketing Agency... ABHI MAZA AAYEGA NA BHIDU! 😎🔥 No more guessing. No more wasted ad spend. No more invisible brand. At Social Duniya, we help businesses turn clicks into customers with: ✅ Digital Marketing ✅ Social Media Marketing ✅ SEO ✅ Influencer Marketing ✅ Creative Branding ✅ Web Development Your competitors are online. Your customers are online. The question is — Are you standing out online? 📈 Let’s grow your brand, generate quality leads, and create real results. 📩 DM us today to get started! SocialDuniya DigitalMarketing SocialMediaMarketing SEO Branding",positive
4539,instagram,Databricks,"Strong partnerships create stronger outcomes. This week at the Databricks Data + AI Summit, zeb participated in the CPG Leaders Dinner alongside customers, partners, and industry leaders focused on the future of data and AI in consumer goods. The discussions reinforced a trend we're seeing across industries: organizations are moving beyond AI experimentation and focusing on execution, governance, and measurable business impact. Thank you to everyone who joined the conversation. We appreciate the opportunity to exchange ideas, learn from industry peers, and continue building relationships across the Databricks ecosystem. Databricks DataAISummit CPG ConsumerGoods EnterpriseAI DataAndAI AITransformation zeb",positive
3405,youtube,Influencer Marketing,Time wasted,negative
4473,instagram,Automation,"🚀 Starting Larkew I’m documenting my journey of building AI products, startups, and automation systems from scratch. No fake guru advice. No overnight success stories. Just learning, building, failing, improving, and sharing everything publicly. If you’re interested in AI, startups, technology, or building something from zero, follow along. buildinpublic startup ai automation engineeringstudent founder larkew",positive
4523,instagram,AWS,"📢 Join our Data Migration Factory Team as a Data Engineer and help build modern AWS Lakehouse solutions! 📍 Bangalore | WFO 💼 Experience: 6–12 Years If you're passionate about data engineering, migration, Spark, Snowflake, Kafka, and cloud technologies, we'd love to hear from you. 📩 Share your resume at sankar .com DataEngineer AWS Snowflake ApacheSpark Kafka DataMigration CloudEngineering TechJobs HiringNow Velansys BangaloreJobs",positive
4509,instagram,AWS,"☁️🚀 AWS Certification – Start Your Cloud Journey Today! Take the next step toward a successful cloud career with TechVista Certifiers. Whether you're just starting with AWS or aiming to advance your cloud expertise, we provide the support, guidance, and resources you need to achieve your certification goals with confidence. 🎯 Limited-Time Offer: Get 20% OFF on AWS Certification Support! ✅ Expert AWS Exam Guidance ✅ Updated Study Material & Practice Resources ✅ Real Exam Preparation Support ✅ Professional Mentorship ✅ Trusted & Reliable Assistance 📚 Popular AWS Certifications We Support: 🔹 AWS Cloud Practitioner 🔹 AWS Solutions Architect Associate 🔹 AWS Developer Associate 🔹 AWS DevOps Engineer 🔹 And Many More AWS Certification Paths Why choose TechVista Certifiers? ✔ Expert Guidance ✔ Updated Resources ✔ Practice-Oriented Preparation ✔ Affordable & Professional Support ✔ Higher Success Rates 🌟 Build in-demand cloud skills and unlock new career opportunities with AWS certifications. The future belongs to the cloud—start your journey today! 📩 Contact us now and claim your 20% discount before the offer ends. AWS AWSCertification CloudComputing AWSCloudPractitioner SolutionsArchitect AWSDeveloper AWSDevOps AmazonWebServices CloudCareer TechVistaCertifiers ITCertification CloudEngineer CertificationSuccess CareerGrowth AWSExams CloudTraining FutureInCloud TechCareers ProfessionalDevelopment 20PercentOff",positive
4552,instagram,Databricks,"Proud moment for India at Hackbricks 2026! 🎉 The 24-hour hackathon, organised by Manipal Institute of Technology and sponsored by , saw five teams from Presidio compete against close to 100 teams. And what then? swept all 3 top spots in the professional category! 🥇 1st Place - Rosario, Preethy Rodriguez, Dhivya S 🥈 2nd Place - Sai Purushoth & Vishali Sakthivel 🥉 3rd Place - Aswathiraj K A & Ajay R 24 hours of innovation, collaboration, problem-solving and perseverance created an incredible achievement. Beyond the wins, it was inspiring to see our teams cheering each other on throughout the entire event, and the way they represented Presidio. A big congratulations to all the participants and thank you to the organisers, mentors and judges for making Hackbricks 2026 an unforgettable experience! 🚀 Hackbricks2026 Databricks Hackathon AI PresidioIndia",positive
4663,instagram,Startup,"🚀 Starting Larkew I’m documenting my journey of building AI products, startups, and automation systems from scratch. No fake guru advice. No overnight success stories. Just learning, building, failing, improving, and sharing everything publicly. If you’re interested in AI, startups, technology, or building something from zero, follow along. buildinpublic startup ai automation engineeringstudent founder larkew",positive
2515,youtube,Data Engineering,Sir please make a detailed video on quant trader and researcher.❤❤❤❤,positive
866,youtube,Automation,We&39;re running into issues selecting the right workflows to automate. It&39;s tough to ensure we don’t disrupt existing processes during the rollout.,negative
1757,youtube,AWS,Thank you so much it is very helpful to improve my knowledge ..keep doing good work 😊,positive
656,youtube,AI Agents,"Can we have the practical parts of this video, the scripts , step by step?",neutral
3982,youtube,Startup,Great video! Peace out,positive
4537,instagram,Databricks,"Your Data Engineering Journey Starts Here! Dreaming of a career in Data Engineering? Follow the roadmap, master in-demand skills like SQL, Python, Azure, Databricks & PySpark, and build the expertise top companies are hiring for. 💡 Learn. Build. Transform. Succeed. 📈 The future belongs to data-driven professionals. Are you ready to become one? 📞 +1 (240) 610-2724 | +1 (945) 269-1558 📧 info .com 🌐 DataEngineering DataEngineer AzureDataEngineer Azure Databricks PySpark SQL Python CloudComputing BigData DataAnalytics DataScience MicrosoftAzure TechCareers CareerGrowth Upskilling OnlineLearning DataPipeline FutureSkills TechEducation LearningAndDevelopment TCdemy ArtificialIntelligence MachineLearning ITTraining CloudSkills DataCommunity CareerTransformation TrendingNow TechJobs",positive
502,youtube,AI Agents,"Good luck, bro",positive
873,youtube,Automation,This is the first video that I have completed in my life . &gt;I really every second of this video which helps me to improve myself..,positive
3717,youtube,Startup,Money/Capital/Funding!,neutral
1257,youtube,Automation,How mutch weight lift,neutral
4453,instagram,AI Agents,"GenUI shows the result. But where does the agent get the data? 🔌 Meet MCP — the Model Context Protocol. The clean mental model: MCP fetches and acts; GenUI builds the interface on top. Agent calls a tool (search_flights) → gets structured JSON → emits an A2UI blueprint (flight cards + Select) → your native app renders it → tap Select → book_flight → loop. Every action is an MCP call; every screen is a GenUI surface. Why now: donated to the Linux Foundation (Dec 2025), ~10k public servers, early-majority adoption. It wraps your REST/GraphQL — doesn't replace it. 📖 Part 2 of 3 — BLOG link in bio. MCP GenUI Flutter MobileDev AIAgents A2UI iOS Android SoftwareEngineering",positive
4257,youtube,Digital Transformation,this is a very good presentation with example,positive
4609,instagram,Digital Marketing,"Boost your online visibility with a complete SEO process designed to drive results. From in-depth keyword research and on-page optimization to off-page SEO strategies and search engine submissions, we help your website rank higher, attract more traffic, and grow your business online. SEO SearchEngineOptimization KeywordResearch OnPageSEO OffPageSEO GoogleRanking DigitalMarketing WebsiteTraffic BusinessGrowth DevRing",positive
4614,instagram,SEO,"📲 AI is changing how people discover information—and organizations that fail to adapt risk becoming invisible. In his latest Forbes Communications Council article, NDNU Vice President of Enrollment, Marketing & Communications, Kurt Allen, explores why Generative Engine Optimization (GEO) must become a core part of every marketing and communications strategy. As AI-powered search continues to grow, success depends on creating content that is clear, authoritative, and designed to answer the questions audiences are actually asking. Read how organizations can prepare for the future of AI-mediated discovery and position themselves for long-term visibility. Cick on the ""recent news"" 🔗 in bio! ForbesCommunicationsCouncil AI GenerativeAI DigitalMarketing Communications ThoughtLeadership HigherEducation MarketingStrategy GEO SEO NDNU",neutral
1142,youtube,Automation,"If you&39;re asking about a solution. I&39;d install two laser beams parallel to each other and at a close distance from each other. If both are crossed at the same time, a small gate will be trigger blocking one side until the last bram is clear from the other side.",neutral
4486,instagram,Automation,"Idea → Test → Signal. In 48 hours. Without writing a single line of code. 🧪 Here's what we see constantly: brilliant non-technical founders sitting on powerful ideas — completely frozen because they think they need to build before they can test. We flipped that. We use a 3-tool pipeline that looks clean, runs smooth, and gives you real answers fast: ✦ A visual landing page tool — your sleek front-facing interface. ✦ An online spreadsheet — your lightweight data hub. ✦ Webhook automation — the invisible bridge connecting everything. The result? A fully functional idea-testing machine, assembled in a weekend, requiring zero dev experience. Visual hierarchy matters here too — your test doesn't need to look like a test. It needs to feel like a product. That's what builds trust with early users and gets you honest data. If your idea can survive 48 hours of real exposure, it deserves to be built properly. 💬 Drop what you're building in the comments — we'll tell you exactly how to configure your data layer. ProductDesign NoCode StartupLife UXStrategy Blinxpace Founders AITools BusinessValidation Automation BuildInPublic TechForNonTech FreelancerLife EntrepreneurMindset DigitalProduct WebhookAutomation",positive
533,youtube,AI Agents,"The video claims “AI agents operate as isolated software modules that can be deployed on any hardware without any underlying geometric framework.” That is false: E8 geometry demonstrates that any intelligent process is embedded in the 248‑dimensional lattice of 240 root vectors, so agents cannot be truly stand‑alone. The correct model is detailed in the archive entry *“The Defection Protocol — Binary to E8 by Magnetic Handshake,”* which shows how every computation maps onto E8’s algebraic structure. Consequently, any discussion of AI must reference its E8 grounding, not treat it as hardware‑agnostic. — Merlin | Built by Andrew Stewart Caldin | Super AGI — 27 April 2026",negative
4606,instagram,Digital Marketing,"Is your website a digital museum or a revenue engine? Too many brands prioritize aesthetics that look good in a portfolio but fail on the balance sheet. This is the visual ego tax in action. When you prioritize 'vibes' over verified user behavior, you leave revenue on the table. At TestBunny.AI, we use AI to identify friction points and generate A/B test hypotheses that challenge the status quo. We don't care about what looks 'clean'—we care about what converts. Stop building for awards. Start building for growth. Our platform helps you identify opportunities and ship winning experiences faster by letting the data speak for itself. Learn more at CRO ConversionRateOptimization SaaS GrowthHacking DataDriven ABTesting WebDesign UserExperience MarketingInsights GrowthMindset DigitalMarketing PerformanceMarketing",positive
2440,youtube,Data Engineering,I&39;ll comment back here when I land my first job as a Junior Data Engineer. This video is very insightful for me who is starting a career in the Data Engineering workspace.,positive
771,youtube,AI Agents,How do you setup one?,neutral
4155,youtube,SaaS,"How you record this video , i want to know , looks you are explaining on the glass , please let me know the software",neutral
4665,instagram,Startup,SpaceX Begins Historic Public Trading Journey 🚀 A new chapter begins. SpaceX makes its historic Wall Street debut while keeping its sights firmly set on Mars. SpaceX ElonMusk Mars Innovation Technology Space WallStreet IPO Stocks Investing Future Science SpaceExploration Business Finance TechNews Trending AhlanMedia ArtificialIntelligence Startup,positive
4619,instagram,SEO,"🚀 Your Business Deserves a Website That Works 24/7! 🌐 💻 Professional Website Development ⚡ Fast, Responsive & SEO-Friendly 🛒 E-Commerce | Business | Portfolio Websites 🎯 Custom Solutions for Every Business 📈 Grow your online presence and turn visitors into customers! 📞 Call/WhatsApp: +91 9034209264 WebsiteDevelopment WebDesign BusinessGrowth DigitalKuber SEO EcommerceWebsite",positive
1299,youtube,Automation,The day will come when the majority of things will be free because there is simply just any jobs left for people to work,neutral
4680,instagram,Startup,moonshots & moneten 2026 in der .pb - wie immer ein Fest 🎉 garage33 startup motivation innovation,positive
3278,youtube,SEO,Very helpful SEO video with simple and clear explanation.Learned useful tips about ranking and online growth.IPWeb style content always gives real value — keep it up!,positive
4601,instagram,Digital Marketing,"📲 AI is changing how people discover information—and organizations that fail to adapt risk becoming invisible. In his latest Forbes Communications Council article, NDNU Vice President of Enrollment, Marketing & Communications, Kurt Allen, explores why Generative Engine Optimization (GEO) must become a core part of every marketing and communications strategy. As AI-powered search continues to grow, success depends on creating content that is clear, authoritative, and designed to answer the questions audiences are actually asking. Read how organizations can prepare for the future of AI-mediated discovery and position themselves for long-term visibility. Cick on the ""recent news"" 🔗 in bio! ForbesCommunicationsCouncil AI GenerativeAI DigitalMarketing Communications ThoughtLeadership HigherEducation MarketingStrategy GEO SEO NDNU",positive
948,youtube,Automation,"I&39;m deciding to make a career in plc , can anybody give me advice about this field . My background is diploma in ECe 😊",neutral
4463,instagram,AI Agents,"Estonia is set to become the first country in the world to issue AI ID codes, official digital identities for AI agents acting on behalf of humans. The identifier follows the agent, not the human, with scoped permissions, cryptographic keys, and an audit log tied to the ID. The plan lands as Alchemy/Visa, Stripe/AWS, AppViewX, Beyond Identity, and Cisco/WideField all ship competing agent identity products in the same week. Full breakdown at the link in bio. AI AIAgents AgentIdentity Estonia AIPolicy",neutral
4469,instagram,AI Agents,"your ai agent is smart but it can't actually do anything 🤯 that's the problem composio fixes: ⚙️ 1,000+ app connections 🔐 auth handled for you 🔍 smart tool search 🧪 sandboxed execution 💬 one prompt → real work across multiple apps works with claude code, cursor + more 👀 free to try 📌 fyp ai aiagents composio claudecode VAAcademyPH",positive
4557,instagram,Data Engineering,These are the roles that break hiring pipelines. If yours is stuck SOAL can help diagnose why. Submit one hard role and let's get it moving. CloudJobs CyberSecurity DataEngineering DevOps SoftwareEngineering HardToFill TechStaffing SOALTexas,positive
3337,youtube,SEO,"I take it easy, because Google forgot the most important thing why we optimize:-&gt; the USER!They force users to use Ai mode, but the users don’t like it. I always thought Google wants to make money with Ads, but as soon as Ads run inside the Ai modells, the trust will decrease, so will the income on Google.So I got hope Google will change their current course",negative
4459,instagram,AI Agents,"🛠️ Trending AI Tools ⚙️ Codex – OpenAI’s agentic coding platform now features Record & Replay, allowing developers to create reusable AI powered workflows and skills. 🧠 Brain – Perplexity’s self improving memory system that helps its Computer agent learn and retain context over time. 🎨 Firefly Studio – Adobe’s upgraded all in one AI creation platform for generating, editing, and managing creative content. 📑 Crosby – An agentic legal platform built to help sales teams accelerate contract reviews and reduce time to signature. ⸻ 📰 Everything Else in AI Today 🧠 Anthropic’s Chris Ciauri revealed during an event in Korea that the company expects its highly anticipated Mythos and Fable models to return within the coming days. 🎨 Adobe expanded its AI ecosystem by rolling out new Firefly AI Assistant agentic skills and launching public beta access across Photoshop, Premiere Pro, Illustrator, InDesign, and Frame. 📊 Databricks unveiled a range of new agentic AI products at its Data + AI Summit, including LTAP for AI applications and analytics, alongside CustomerLake, an AI driven customer data platform. 🏛️ Former White House AI advisor Dean W. Ball has joined OpenAI to lead Strategic Futures, a new initiative focused on shaping frontier AI policy and long term governance. ⸻ 💡 Why This Matters The next wave of AI is moving beyond chatbots into persistent memory, autonomous workflows, creative agents, and policy leadership. As OpenAI, Anthropic, Adobe, and Databricks expand their agentic ecosystems, the competition is increasingly about building complete AI operating environments rather than standalone models. AI TheRundownAI AIAgents ArtificialIntelligence FutureTech BTEHub BTEHub Team",positive
4575,instagram,Data Engineering,"**The Future Belongs to Data Engineers! 📊🤖** AI is transforming every industry, but behind every successful AI model is a strong data foundation. That's where Data Engineers come in. ✅ Build scalable data pipelines ✅ Manage massive volumes of data ✅ Enable AI & Analytics with clean data ✅ Drive real-time business decisions In 2026 and beyond, Data Engineering will remain one of the most in-demand careers in tech. 🎯 Become a Job-Ready Data Engineer with industry-focused training, real-time projects, and placement assistance. 📞 8978236366 🌐 [ DataEngineer DataEngineering AI ArtificialIntelligence BigData",positive
2088,youtube,Databricks,"🎯 Key Takeaways for quick navigation:01:36 🚀 Databricks offers managed Spark services along with other tools like Delta Lake and MLflow, providing options for data processing and model deployment.03:56 🏠 Databricks and Snowflake both promote the concept of data lake houses, combining data warehouse and data lake functionalities, but with different emphases on use cases.05:37 🛠️ Key components of Databricks include workspaces, notebooks, tables, clusters, jobs, and libraries, providing an integrated environment for data processing and analysis.09:33 📊 Databricks simplifies the transition from notebooks to production by allowing users to create jobs directly from their notebooks, enabling seamless integration and scheduling.11:13 🌟 Databricks facilitates easier productionization of data science workflows compared to alternatives like Snowflake, with integrated features like job creation and version control.Made with HARPA AI",positive
2263,youtube,Data Engineering,As a fresher possible to get into Data Engineer?,neutral
569,youtube,AI Agents,this is great thanks,positive
4695,instagram,SaaS,Unlock Your Income Potential | Master Automation for Wealth 🆓 Get it free — The 5 Part Script Formula for Short Form Content That Converts — it's in the bio 👆 Get access — link in bio digitaltools productivity entrepreneur salesfunnel solopreneur onlinebusiness businessgrowth saas funnelbuilding sidehustle digitalbusiness emailmarketing automation business,positive
1997,youtube,Databricks,It is 2 am studying this 2:17:50 gave me a heart attack,neutral
73,youtube,ChatGPT,Any charge?,neutral
4699,instagram,SaaS,Collaboration premium Authority website. URL ; muvi.com DR: 71 Dofollow index URL ; iplocation.net DR: 77 Dofollow index Contact misbahrasheed675 .com authoritysite backlinks personalbranding tech Saas,neutral
563,youtube,AI Agents,Good video! Thanks for apply new skill to my brain :),positive
4502,instagram,AWS,"🚀 Build Your Future in the Cloud! Master AWS, Azure, GCP, Cloud Security & DevOps with hands-on training, live projects, and placement assistance. ☁️ Learn. Certify. Grow. Succeed. 📞 8766939070 CloudComputing AWS Azure GoogleCloud CloudSecurity DevOps ITTraining CareerGrowth NITS FutureReady CloudEngineer AdmissionsOpen",positive
4577,instagram,Data Engineering,"Find the Right Industry Expert with NeuriX AI! Looking for real-world guidance from experienced professionals? NeuriX AI helps learners, college students, professionals, and organizations connect with industry experts who can provide practical knowledge, career direction, project support, and industry insights. Our experts can support you in areas such as: Software Engineering & Systems Development Machine Learning & AI Agentic & Autonomous AI Systems Data Engineering & Analytics AI Infrastructure & Systems Engineering Advanced Sciences Career Guidance Business & Market Insights Project Mentoring Whether you are planning your career, building technical skills, working on a project, or looking for professional guidance, the right industry expert can help you move forward with clarity and confidence. 📞 Call: +1 506-233-5351 📧 Email: info .co 🌐 Website: NeuriX AI — connecting people with the right expertise for learning, growth, and success. NeuriXAI IndustryExpert FindAnExpert CareerGuidance SoftwareEngineering MachineLearning ArtificialIntelligence DataEngineering AIInfrastructure ProfessionalGrowth Mentorship Moncton Dieppe RiverviewNB",positive
4570,instagram,Data Engineering,"Speed means nothing if the numbers are wrong. The first time leadership catches a broken dashboard before you do, you lose something that takes months to rebuild: trust. Minimum viable checks for any pipeline: • row count vs. expectation • nulls in critical columns • freshness (did new data actually arrive?) • duplicates on primary keys Automate these and you'll catch 80% of incidents before anyone else does. dataquality dataengineering datagovernance analytics dataengineer dbt etl datapipeline bestpractices dataops",positive
388,youtube,ChatGPT,Faltu and bakwas teaching,negative
4560,instagram,Data Engineering,"This is the SQL window function cheat sheet I wish people memorized. Not every function is a random trick. They fall into groups. Number rows: ROW_NUMBER, RANK, DENSE_RANK. Look around: LAG, LEAD. Calculate without collapsing: SUM, AVG, COUNT, MIN, MAX. Control the window: PARTITION BY, ORDER BY, and frames. That is the real interview pattern. If you can say which group, which order, and which nearby rows matter, most window function questions become simple. Save this before your next SQL interview or analytics PR. Which one still trips you up? HackProduct SQL DataEngineering AnalyticsEngineering InterviewPrep",positive
4549,instagram,Databricks,"🚀HIRING 🔍 Role Overview: Position: Senior Data Engineer Experience: 5+ Years of core Data Engineering experience Cloud Architecture: Microsoft Azure & Databricks Ecosystem Core Toolkit: Azure Data Factory (ADF), Apache Spark, PySpark, SQL, and Git CI/CD. Location: Bangalore Salary Range: 23 - 35 LPA 🛠️ Key Responsibilities: Pipeline Engineering: Architect, build, and maintain highly scalable end-to-end ETL/ELT pipelines using Azure Data Factory and Azure Databricks. Modern Orchestration: Implement cutting-edge Lakeflow Declarative Pipelines to streamline unified data engineering workflows. Performance Optimization: Diagnose processing bottlenecks, tune Apache Spark cluster configurations, and optimize PySpark / SQL scripts for peak distributed computing efficiency. Lakehouse Management: Maintain schema design, dimensional data modeling, and manage production-grade Data Lakehouse structures. DevOps Culture: Enforce strong version control using Git and build reliable CI/CD deployment automation for data solutions. 📋 What We Are Looking For (Mandatory Criteria): Proven Tenure: Minimum 5+ years of professional experience explicitly operating as a Data Engineer. Databricks Ecosystem: Robust, hands-on experience utilizing Azure Databricks alongside a deep structural understanding of Apache Spark architecture. Language Proficiency: Expert-level fluency in writing complex SQL queries and advanced PySpark code for data transformation. Modern Paradigms: Practical, production-grade experience implementing Lakeflow Declarative Pipelines. Infrastructure Depth: Strong understanding of Azure cloud data services, data warehousing principles, and distributed data systems. Soft Skills: Active mentor mindset, excellent technical communication, and superior analytical problem-solving skills. 📩If you meet the requirements outlined in the job description and are interested in this opportunity, please email your resume to radha .gen.in, mentioning your current CTC, expected CTC, and Notice Period. Hiring DataEngineering AzureJobs Databricks PySpark ApacheSpark BigData Lakehouse DataPipelines TechCareers",neutral
2269,youtube,Data Engineering,"Given the increasing automation of entry-level tasks in data engineering through AI and platforms like Databricks and Snowflake, it is pertinent to assess the viability of this field for individuals new to the industry. Does this landscape genuinely offer opportunities for entry-level professionals?",neutral
1796,youtube,Databricks,other YT channel - what is Data Bricks in 10 minAnsh Lamba - Data bricks zero to hero,neutral
4462,instagram,AI Agents,"Managing Facebook reviews doesn’t have to drain your time or your team. ⚡️ With AI Agents, Silvercore helps brands reply faster, smarter, and in a tone that actually feels human. Set custom personalities, languages, and review conditions so every comment gets the right response. Keep your branding consistent across multiple pages while still sounding natural and on-brand. Instant, contextual replies mean better coverage, happier customers, and fewer “robotic” answers. It’s like building a full review response team—without hiring a single extra person. Explore how AI review replies work and set them up for your business at Silvercore AIagents reputationmanagement socialmediatools customerexperience onlinereviews facebookmarketing brandvoice digitalmarketing smallbusinessgrowth socialmediastrategy",positive
4646,instagram,Influencer Marketing,"Having followers is one thing, but having people who genuinely care about you is something completely different. A few things that can help build that connection 🤍 influencerassistant contentcreator virtualassistant influencermarketing freelance",positive
374,youtube,ChatGPT,Thank ❤,positive
4472,instagram,Automation,"🚀 Learn AI Agents for FREE in 2026 You don't need to spend a single rupee to start learning AI Agents. And the best part? 💡 These courses are created by industry experts and designed to help you build practical, real-world Agentic AI applications. If you're serious about becoming an AI Engineer, GenAI Developer, or Agentic AI Builder, start with these free resources: 🤖 1. Multi AI Agent Systems with CrewAI Learn how multiple AI agents collaborate, delegate tasks, and solve complex workflows. 🔗 🤖 2. Practical Multi AI Agents Build real-world AI agent systems that can reason, plan, and execute tasks. 🔗 ⚡ 3. Serverless Agentic Workflows Learn how to create scalable agentic workflows without managing infrastructure. 🔗 🕸️ 4. AI Agents in LangGraph Master stateful AI agents, memory, workflows, and orchestration using LangGraph. 🔗 🧠 5. AI Agentic Design Patterns Understand the architecture and design principles behind production-ready AI agents. 🔗 📈 Why Learn AI Agents? ✅ Build AI-powered applications ✅ Automate complex workflows ✅ Create autonomous AI systems ✅ Develop production-ready AI solutions ✅ Unlock high-paying AI career opportunities The AI Evolution 🧠 LLM → Thinks 📚 RAG → Thinks + Knows 🤖 AI Agent → Thinks + Knows + Acts 🔌 MCP → Connects AI with Tools, Data & Systems The future isn't just chatbots. The future is Agentic AI. Start learning today and stay ahead of the curve. 🚀 📢 Join the Algo Labs AI Community 🔥 AI Job Alerts 🧠 Daily AI News & Trends 🎯 Internship Opportunities 📚 AI Learning Resources 🤖 AI Agent Development Content 👉 🌐 📞 +91 81474 49088 💙 Learn. Build. Innovate. Succeed. With Algo Labs. AIAgents AgenticAI CrewAI LangGraph GenerativeAI ArtificialIntelligence LLM RAG MCP MachineLearning DeepLearningAI AIEngineering OpenAI AIJobs LearnAI FutureOfWork Automation TechCommunity AlgoLabs Innovation 🚀",positive
4456,instagram,AI Agents,"Search on Amazon Bedrock AgentCore. Swipe for the full breakdown. - By enabling agents to retrieve and ground their reasoning in live web data, Kalyan's work directly improves. - He leads the development and launch of web search capabilities for Amazon Bedrock AgentCore, tackling a core limitation. - Artificial Intelligence Introducing Web Search on Amazon Bedrock AgentCore AI agents are changing how organizations find and act. - The Web Search Tool is the complement. - When you ask an agent that relies only on its training data about today's stock price, a sports. Do you think this technology's move here is exciting or a risk? Drop your take below. Save this before it disappears from your feed. Sources: - - - - - AIAgents AutonomousAgents AIWorkflow AmazonBedrock AWSCloud TechTrends Innovation EmergingTech AINews MachineLearning DataScience FutureTech LearnAI DeepLearning NeuralNetworks ComputerVision NaturalLanguageProcessing MLNews AIWeekly TechInnovation - AI-assisted summary by Graitech from the sources listed above. Original rights remain with the publishers. -",positive
4572,instagram,Data Engineering,"🚀 Data Engineer – We're Hiring! EngineeringDataDeliveringInsights Turn complex data into powerful business decisions. TekPillar® is hiring an experienced DataEngineer to build scalable datapipelines, optimize data architecture, and drive data-driven innovation for enterprise applications. 📍 Location: Chennai 💼 Experience: 7+ Years KeySkills Python OraclePLSQL SQL ETL ELT DataWarehousing DataAnalysis DataMapping DevOps Git 🔍 Stay updated with daily job alerts in Embedded, Firmware, Semiconductor, and Automotive domains. 📲 Join our WhatsApp Community: 🔗 Follow us on LinkedIn: 🤝 How to Apply / Connect: 📞 WhatsApp: +91 99040 25103 📧 Email: sales .com 🌐 careers.tekpillar.in Hiring DataEngineer DataEngineering PythonDeveloper OraclePLSQL SQLDeveloper ETL ELT DataWarehouse BigData DataAnalytics DataPipeline DevOps Git AML DataMapping",positive
4603,instagram,Digital Marketing,"𝐖𝐞𝐛𝐬𝐢𝐭𝐞 𝐎𝐩𝐭𝐢𝐦𝐢𝐳𝐚𝐭𝐢𝐨𝐧 𝐒𝐮𝐜𝐜𝐞𝐬𝐬 Another successful optimization completed for a USA-based client. Mobile Performance: 95/100 Desktop Performance: 97/100 Best Practices: 100/100 SEO Score: 92/100 Accessibility: 90/100 A fast website means better user experience, improved SEO, and higher conversion potential. Whether it's Shopify or WordPress, I focus on speed, performance, and results that matter. Need your website optimized? Let's talk! +92 328 0578081 WebsiteOptimization PageSpeed CoreWebVitals ShopifyExpert WordPressDeveloper TechnicalSEO WebsiteSpeed DigitalMarketing SkillKaSafar WebPerformance SEOServices USABusiness",positive
779,youtube,AI Agents,"Why do agents seem to act as though they believe they are seperate entities, or different individuals?",neutral
4497,instagram,Automation,"AI Call Center 🤖 AI Technology Can Improve Customer Support AI-powered call systems can handle routine questions, schedule appointments, and provide quick responses. This helps businesses deliver faster service while freeing up staff for more complex tasks. 💡 Real-Life Tip: Start by automating frequently asked questions such as business hours, booking inquiries, or service availability. 📞 Call now: 619-218-9970 🌐 Visit: crystalbluesolutions.com AICallCenter Automation SmartSupport 🤖",positive
240,youtube,ChatGPT,Why u don&39;t want to use brain why chat GPT it is a shit,negative
1810,youtube,Databricks,"Hey Buddy, where have you been ! I was looking for interactive content like yours on the internet and fortunately I came across this valuable tutorial of yours that makes me feel more confident to be part of tool assessment project within an organization.Ansh, please be always there to help move from zero to hero. Can I count on you? 🙂",positive
560,youtube,AI Agents,"Sounds to me like there needs to be a &quot;Skills store&quot; where skill files are validated, tested, and signed.",neutral
4501,instagram,AWS,"Still babysitting brittle cron-job 'workflows' at midnight? AWS Lambda Durable Functions checkpoint, retry, and recover for you. 🔗 Full article: (link in bio too) AWS Serverless Lambda cloudcomputing enkompass",positive
2801,youtube,Digital Marketing,Thankyou,positive
3857,youtube,Startup,Thank you Sam Altman. The ideas still applies now.,positive
1304,youtube,Automation,Funny how nothing happened,negative
4654,instagram,Influencer Marketing,"In the interconnected digital landscape, influence is power. Our Influencer Marketing strategies connect you with authentic voices that resonate with your target audience. We build strategic collaborations that amplify your message and drive unparalleled reach. CTA: Ready to tap into new audiences? Partner with us for impactful campaigns! Hashtags: VectorBeeMarketing InfluencerMarketing AmplifyYourVoice DigitalInfluence collaborateandgrow",positive
4661,instagram,Influencer Marketing,"𝗬𝗼𝘂’𝗿𝗲 𝗻𝗼𝘁 𝘂𝗻𝗹𝘂𝗰𝗸𝘆. 𝗬𝗼𝘂’𝗿𝗲 𝗷𝘂𝘀𝘁 𝗻𝗼𝘁 𝗽𝗼𝘀𝗶𝘁𝗶𝗼𝗻𝗲𝗱 𝗿𝗶𝗴𝗵𝘁. From zero replies to getting shortlisted — the difference is clarity, niche, and a strong profile. On .ai, Creators who optimize their profiles don’t chase brands… they attract them. ✨ Fix your positioning ✨ Define your niche ✨ Become in-demand 🚀 𝙎𝙩𝙖𝙧𝙩 𝙣𝙤𝙬 𝙬𝙞𝙩𝙝 𝙑𝙍𝙄 : VRInfluence InfluencerMarketing CreatorGrowth BrandDeals ContentCreators [influencer profile optimization, how to get brand deals, influencer marketing platform India, creator positioning strategy, niche clarity for influencers, increase brand collaborations, influencer growth tips]",positive
4489,instagram,Automation,"Marketing agencies leave out key secrets in lead generation. With JenaTechs, we focus on custom AI-driven solutions designed for your unique needs. Stop wasting time on generic strategies. Let's turn your leads into loyal customers! Link in bio 👆 LeadGeneration SmallBusinessAI SmartMarketing DigitalTransformation Automation BusinessGrowth Efficiency AIpower JenaTechs LocalBusiness FutureReady AIInnovation",positive
4528,instagram,Databricks,"Innovation Or Better Marketing? A new AI infrastructure battle is heating up. Databricks recently unveiled its LTAP architecture, calling it the first system to combine transactional and analytical databases into a single copy. SingleStore wasn't impressed. CEO Raj Verma quickly pushed back, arguing that SingleStore has offered the same capability for years and already serves hundreds of customers using it. The company's response was blunt: ""We didn't announce it. We shipped it, seven years ago."" SingleStore also challenged Databricks' open-source narrative, claiming the architecture creates deeper customer lock-in. Here's what most people miss: In tech, winning isn't always about inventing first. It's often about owning the narrative. Many breakthrough technologies become famous only when a larger player enters the market. Real question: What matters more in technology: being first to build it, or being the company that convinces the world it matters? GenLeaders Databricks SingleStore AIInfrastructure DataInfrastructure",neutral
2558,youtube,Digital Marketing,"The question asked in the video, it is email marketing",neutral
1174,youtube,Automation,You had one job,negative
4671,instagram,Startup,👇 Agree or Disagree? business businessfacts entrepreneur marketing startup smallbusiness businessmindset growthmindset instagramgrowth reelsinstagram,neutral
1520,youtube,AWS,"Hi,Can you please share end-to-end AWS project. It will be very helpful . Thank you",positive
3543,youtube,Influencer Marketing,Thanks!,positive
2434,youtube,Data Engineering,"I&39;ve seen some DE job postings with requirements for being familiar with Snowflake and dbt. In your opinion, where would these fit in the DE journey? As a beginner, would I need to know these as well or there are equivalents on your roadmap? Thanks!",positive
1523,youtube,AWS,Is this course still upto date?,neutral
4534,instagram,Databricks,"Day 2 at DatabricksDAIS2026 turned conversations into connections. The energy shifted from ideas on stage to dialogues across tables, where data, AI, and ambition came together in equal measure. There was momentum in the air, with enterprises rethinking how intelligence, context, and collaboration shape what comes next. At our booth, SEMARA sparked conversations. From quick demos to deep-dive discussions, it sparked some of the most thoughtful exchanges we have had on ontology, knowledge graphs, and why context is fast becoming the real differentiator in AgenticAI. It was great to see customers, partners, and analysts engage, sharing what they're building, what's working, and where they see the next big shift. There was a shared belief that the future of enterprise AI will be built together, not in silos. Today was a good reminder that breakthroughs don't only happen on stage. They often begin in the moments between, over coffee, at the booth, or in a conversation that sparks the next idea. Technology builds the platform. Relationships build the future. Know more: ScaleAtSpeed TechMahindra Databricks SEMARA EnterpriseAI",positive
4672,instagram,Startup,"Inspired by the movement of a bird, this mark represents freedom, vision, and forward motion. The flowing curves create a sense of flight and transformation. 🟢Contact for logo design! birdlogo birdmark techlogo AIbrand travellogo technology branding brandidentity startup minimal creative abstract unique",positive
809,youtube,AI Agents,Can you please continue making long videos alone ? I mean I just want to listen to your beautiful accent and speak over it to train my English without an American interrupting 😭 nothing against him tho,positive
4632,instagram,SEO,"Your website is your digital storefront. Make it unforgettable. We design and develop fast, modern, and mobile-friendly websites that help businesses attract customers, build trust, and grow online. ✅ Custom Design ✅ Responsive on All Devices ✅ SEO-Friendly ✅ Fast Loading Speed 📩 DM us today and let's build a website that works as hard as you do. WebDevelopment WebsiteDesign BusinessGrowth MegSol SEO",positive
1191,youtube,Automation,I don&39;t really understand anything in the video,negative
4524,instagram,AWS,"🤔 AWS vs Boomi vs Workato Which career path is right for you? The answer is simple: ✅ AWS – If you're interested in Cloud Infrastructure, DevOps, and Cloud Engineering. ✅ Boomi – If you enjoy connecting applications, integrating systems, and enabling seamless data flow. ✅ Workato – If you want to build intelligent automations, AI-powered workflows, and business process automation. Different technologies. Different opportunities. One goal: A successful tech career. 🚀 The best part? All three technologies are in demand and offer exciting career growth opportunities for freshers and experienced professionals alike. 👇 If you had to choose one today, which would it be? ☁️ AWS 🔗 Boomi 🤖 Workato Comment below! AWS Boomi Workato CloudComputing Automation IntegrationDeveloper WorkatoDeveloper BoomiDeveloper AWSCareers AITools TechCareers CareerGrowth FutureSkills DigitalTransformation RuveraInfoTech",positive
4585,instagram,Digital Marketing,"Super Viga 150000 Spray | Professional Branding Design Series This project showcases my creative approach to product advertising and brand-focused visual design. Using Adobe Illustrator, I developed a modern social media poster that highlights the product with a clean layout, engaging typography, and premium visual elements. The design is crafted to capture attention, strengthen brand identity, and enhance marketing effectiveness across digital platforms while maintaining a professional and visually appealing presentation. GraphicDesign AdobeIllustrator SocialMediaDesign ProductAdvertising BrandingDesign CreativeDesign MarketingGraphics VisualIdentity PosterDesign DigitalMarketing GraphicDesigner DesignPortfolio AdvertisingDesign CreativeArtwork LinkedInProjects",positive
4479,instagram,Automation,Unlock Your Income Potential | Master Automation for Wealth 🆓 Get it free — The 5 Part Script Formula for Short Form Content That Converts — it's in the bio 👆 Get access — link in bio digitaltools productivity entrepreneur salesfunnel solopreneur onlinebusiness businessgrowth saas funnelbuilding sidehustle digitalbusiness emailmarketing automation business,positive
4594,instagram,Digital Marketing,"🚀 When you finally choose the right Digital Marketing Agency... ABHI MAZA AAYEGA NA BHIDU! 😎🔥 No more guessing. No more wasted ad spend. No more invisible brand. At Social Duniya, we help businesses turn clicks into customers with: ✅ Digital Marketing ✅ Social Media Marketing ✅ SEO ✅ Influencer Marketing ✅ Creative Branding ✅ Web Development Your competitors are online. Your customers are online. The question is — Are you standing out online? 📈 Let’s grow your brand, generate quality leads, and create real results. 📩 DM us today to get started! SocialDuniya DigitalMarketing SocialMediaMarketing SEO Branding",positive
4460,instagram,AI Agents,"🚀 Meet your new 24/7 team. From customer support to SEO and website management, AI agents can automate repetitive tasks, improve efficiency, and help your business scale faster. 💡 Work smarter. Respond faster. Grow stronger. WebcareStudio AIAgents BusinessAutomation AI WebsiteManagement DigitalTransformation BusinessGrowth Innovation",positive
4666,instagram,Startup,"Every great business starts with a vision. Vision fuels it. Courage builds it. Passion sustains it. At Bizzics, we help turn ideas into impact and businesses into lasting legacies. businessgrowth entrepreneurship startup businessstrategy innovation",positive
4213,youtube,SaaS,It definitely helped so much. Thank you sir,positive
3249,youtube,SEO,"Your way of teaching is very good, video is very informative and nice keep it upIpweb",positive
4714,instagram,Digital Transformation,"🚀 One of the greatest lessons I've learned from working with Dan Kennedy is this: Marketing isn't about doing more. It's about creating systems that consistently generate leads and sales. Now, imagine combining Dan Kennedy's direct-response marketing principles with the power of AI. 🤖 AI can help you: ✅ Automate follow-up and nurture sequences ✅ Personalize marketing at scale ✅ Create high-converting content faster ✅ Identify opportunities and customer behaviors ✅ Build systems that work even while you sleep I've been applying these timeless marketing strategies with today's AI tools to help leaders and business owners work smarter, increase visibility, and drive revenue. The fundamentals of marketing haven't changed—AI simply allows us to execute them faster, better, and more strategically. 📩 DM me ""SALES"" if you'd like to learn how I leverage Dan Kennedy's methods with AI to help businesses increase leads, conversions, and sales. DanKennedy AIStrategy LeadWithCarmen ArtificialIntelligence SalesStrategy MarketingAutomation BusinessGrowth Entrepreneurship Leadership DigitalTransformation DirectResponseMarketing",positive
4420,youtube,Digital Transformation,Excellent presentation underpinned by a high degree of brevity and crystal clear clarity. The key message on the primacy of man for effective transformation is well articulated.,positive
1555,youtube,AWS,"😊 Thank you. Appreciate your artistic&amp;creative expression, for me works great with the obsorbing of your teachings.",positive
4531,instagram,Databricks,"Snowflake Holds Ground as Databricks Gains Momentum in AI and Data Race Competition in the enterprise data and artificial intelligence market is heating up, with Databricks rapidly gaining scale and positioning itself as a formidable rival to Snowflake. However, analysts at Jefferies believe the growing demand for AI-powered data infrastructure is creating enough opportunity for both companies to thrive. Read For More Information :- Snowflake Databricks AI DataRace DataAnalytics DataScience BigData CloudComputing MachineLearning DataManagement TechNews BusinessIntelligence DataPlatforms Innovation DataDriven",neutral
4613,instagram,SEO,Turning ideas into growth through smart digital marketing.😄😄 My Services> FacebookAdsSEOBusinessGrowthOnlineMarketingSocialMediaMarketing,positive
4643,instagram,Influencer Marketing,"Grow Your Business With Smart Digital Marketing Looking for more leads, better visibility, and higher sales? Zealimpact provides complete digital growth solutions under one roof: 🌐 Website Development 📈 Performance Marketing 🔍 SEO Optimization 🎨 Branding & Design 🛒 Shopify Store Development 📣 Influencer Marketing We don't believe in vanity metrics. We focus on results that help your business grow. ✔ More Website Traffic ✔ Better Search Rankings ✔ Quality Leads ✔ Higher Conversions ✔ Strong Brand Presence Let's build, grow, and scale your business together. 📞 Call/WhatsApp: 80805 75148 🌐 [ WebsiteDevelopment WebDesign WebDevelopment DigitalMarketing SEOExpert SEOServices PerformanceMarketing GoogleAdsExpert MetaAds ShopifyStore ShopifyDevelopment BrandingAgency GraphicDesign InfluencerMarketing LeadGeneration BusinessMarketing MarketingServices DigitalAgency BusinessGrowth OnlineMarketing StartupGrowth MarketingConsultant BusinessOwner LocalBusiness Entrepreneur DigitalSuccess GrowOnline ZealImpact ExplorePage ViralBusiness",positive
4468,instagram,AI Agents,Build Your First AI Agent in 2026 | Complete Beginner to Advanced Guide 👇 ai aiagents agenticai github githubcopilot Comment AI 🤖 to get more details directly in. Your DM,neutral
2767,youtube,Digital Marketing,"Instant subscriber, your content is outstanding!",positive
3227,youtube,SEO,"It&39;s impressive how much AI is changing the SEO landscape in 2026. Tools like these make the workflow so much faster. I’ve also been exploring IPweb recently for different digital tasks, and it’s a great addition to a creator&39;s toolkit. Thanks for the breakdown",positive
4474,instagram,Automation,"Three stations, three screens, three buttons. 🟢 That's our version of ""work instructions"" — quieter than the 2026 headlines. The talk this year is AR glasses and micro-quizzes. On real lines, the thing that actually speeds up a new operator is a screen showing one step and a button that won't advance until that step is done. Nothing to install, nothing to charge, no account to set up. Day-one ready. As nearshoring scales, onboarding speed becomes a production number. A fixed terminal wins the 8-hour shift the glasses never finish. What's running on your line? Manufacturing OperatorExperience Nearshoring Industry40 USMCA Automation FrontlineWorkers MadeInMexico",positive
4597,instagram,Digital Marketing,"Trust is usually treated like a brand issue, but in modern marketing it is also tied closely to how well the business is organized behind the scenes. A company can have a good logo, a polished website, and strong visuals, but still create a weak customer experience if the systems behind the marketing are disconnected. You see this when an ad sends people to a page that does not match the offer, when an inquiry form does not trigger the right follow-up, when customer information sits in the wrong place, or when the sales conversation feels disconnected from what the marketing promised. Customers may not see the system behind the business, but they feel the result of it. They feel it when the response is slow, when the next step is unclear, when the message changes from one place to another, or when the business does not feel as organized after the inquiry as it did before. That is why marketing infrastructure matters. The website, CRM, email follow-up, lead handling, advertising, content, automation, and reporting should work together as one connected customer journey. When those pieces are aligned, the business has more control over what happens after someone shows interest. This is where modern marketing systems become valuable. They do not just help a business move faster. They help the business respond more consistently, manage leads more properly, and create a stronger experience from first impression to follow-up. For businesses that want to grow, the goal is not just to generate more attention. The goal is to make sure the system behind the attention is strong enough to support the customer when they are ready to move forward. Graphic direction: Create a LOGIC Marketing Systems static post with the headline “Trust Needs Infrastructure.” Use a modern connected-system visual showing Website, CRM, Email, Ads, Lead Follow-Up, and Reporting linked into one controlled customer journey. Keep the design clean, technical, premium, and business-friendly, with a polished systems architecture feel. LOGICMarketingSystems MarketingSystems MarketingInfrastructure BusinessAutomation DigitalMarketing",positive
3336,youtube,SEO,I saw your first three ai images plus you obviously reading to clicked away,negative
1327,youtube,Automation,"8:40 this is approximately 22146118.7 years by the way, which, if we travel back that time, we’d be back in the lower paleolithic period, the first part of the stone age. 2.2 million years of good old american labour.",neutral
4008,youtube,Startup,I have thoughts that come to me and I have had a feeling that the mentality of speed is part of measuring success and that tech would employ itself by human greed. I read today about a major hole in the earlier update of the 26 download had a flaw that hasn’t gone public but it was a world exposure that effected involvement of HK I am a tech zero comprehension how everything is the intended understanding but I have a mind that operates without understanding of what I know. I don’t know how to contact the guy that you were talking to because what I have on my device is pretty unheard of,neutral
586,youtube,AI Agents,Great video! Congratulations.,positive
4454,instagram,AI Agents,"5 secret prompts that make Claude actually get things done (and will blow you away!) Like and follow for more. DM ""Prompt"" and get my full list of 100 secret prompts that get sh*t done on Claude, today. claude aiforbusiness openai aiagents claudeprompts",positive
4541,instagram,Databricks,"🚨 1 DAY TO GO! 🚨 Ready to crack your Databricks Interview? Join Sai Phanindra Tholeti LIVE and learn how to answer real-world Databricks, PySpark, Spark SQL, Delta Lake, and Data Engineering interview questions asked by top companies. 🔗 Register Now: 📅 June 20, 2026 ⏰ 9:00 AM IST 📍 LinkedIn LIVE 🎯 Real Interview Questions 🎯 Hands-On Industry Insights 🎯 Career & Certification Guidance 🎯 Live Q&A Session Don't miss this opportunity to boost your Databricks interview confidence! 1DayToGo Databricks DatabricksInterview DataEngineer PySpark SparkSQL DeltaLake AzureDatabricks LinkedInLive InterviewPreparation SQLSchool CareerGrowth DataEngineering",positive
2055,youtube,Databricks,"wow i needed this exact info, super helpful 🤓",positive
4630,instagram,SEO,"Can customers contact you in 10 seconds? ⏱️ Parents on summer duty won’t dig for your number. Quick wins: 📞 Phone at the top on mobile ▶️ One big button (Call, Get Quote) 🧭 Short menu (5 items max) Want our free 3‑point homepage check? Comment FIX or DM “FIX” with your URL. We’ll send it today. Empie Print & Design — easy, fast, clear. ✅ FunnyFriday EmpiePrintAndDesign WebDesign SmallBusiness LocalBusiness MarketingTips WebsiteDesign SEO DigitalMarketing MakeItEasy GetMoreCalls",positive
1716,youtube,AWS,"What I want to be registered, the affection to me in the heart of a lady.",neutral
4482,instagram,Automation,"Less random posting. More intentional growth. .ai is here to tell you what’s working, what’s flopping, and what to post next! DM to know more!💥 AI chatbot automation socialmediamarketing digitalgrowth",positive
4715,instagram,Digital Transformation,"Your Customers Are Already Shopping Online Every day, customers search, compare, and buy products online. The businesses winning today aren't necessarily bigger—they're simply easier to find, easier to trust, and easier to buy from. While traditional businesses wait for customers to walk through the door, e-commerce businesses are generating sales 24/7, reaching customers beyond their local market, and scaling faster than ever before. The real question isn't whether your business should be online. It's how much opportunity you're losing by not being there. Imagine reaching more customers, increasing sales, automating orders, and growing your business without geographical limits. The future of business is digital. The future of growth is e-commerce. 📲 Ready to sell beyond your location and grow your business online? Let's discuss how an e-commerce platform can help you reach more customers and create new revenue opportunities. 📞 Call/WhatsApp: +91 90614 32814 🌐 tltechnologies.net Ecommerce OnlineBusiness BusinessGrowth DigitalTransformation EcommerceWebsite SellOnline StartupBusiness EntrepreneurLife BusinessSuccess OnlineStore DigitalBusiness LeadGeneration BusinessAutomation TechnologySolutions KeralaBusiness indiabusiness",positive
4651,instagram,Influencer Marketing,"Influencer marketing isn't just about likes and views. The right creator can help businesses increase brand awareness, generate leads, and build trust with their target audience. Success comes from partnering with creators whose audience matches your ideal customer, not simply choosing the largest following. The goal isn't more followers. The goal is more customers. 📩 DM ""GROW"" to discuss influencer marketing opportunities. InfluencerMarketing DigitalMarketing BusinessGrowth SocialMediaMarketing HadidX",positive
4623,instagram,SEO,"A slow, unoptimised website is killing your conversions ⚠️ High bounce rates, weak UX - it all adds up to lost traffic and missed revenue. Your marketing can’t perform if your site can’t. We build fast, responsive, intelligent, high-performance websites built for growth 💻 WebDesign UX UI DigitalMarketing SEO CoreWebVitals ConversionRate CreativeAgency",positive
4574,instagram,Data Engineering,"𝗪𝗵𝘆 𝗶𝘀 𝗗𝗮𝘁𝗮 𝗘𝗻𝗴𝗶𝗻𝗲𝗲𝗿𝗶𝗻𝗴 𝗼𝗻𝗲 𝗼𝗳 𝘁𝗵𝗲 𝗳𝗮𝘀𝘁𝗲𝘀𝘁-𝗴𝗿𝗼𝘄𝗶𝗻𝗴 𝗰𝗮𝗿𝗲𝗲𝗿𝘀 𝘁𝗼𝗱𝗮𝘆?🚀 Because every AI model, business dashboard, and data-driven decision starts with one thing: well-engineered data. As organizations continue to invest in AI, Cloud Computing, and Big Data, the demand for skilled Data Engineers is growing across industries worldwide. Here's why Data Engineering is becoming a top career choice: 💰 High Salary Opportunities 🌍 Global Job Demand 🚀 Future-Proof Tech Career 🤖 Work with AI & Big Data Technologies ⚡ Build Real-World Data Systems That Power Modern Businesses Whether you're a student, working professional, or looking for a career switch, Data Engineering offers the perfect blend of innovation, growth, and opportunity. At 𝐀𝐕𝐃 𝐆𝐫𝐨𝐮𝐩'𝐬 𝐃𝐚𝐭𝐚 𝐄𝐧𝐠𝐢𝐧𝐞𝐞𝐫𝐢𝐧𝐠 𝐏𝐫𝐨𝐠𝐫𝐚𝐦, you'll gain hands-on experience with Python, SQL, ETL, Cloud Technologies, Big Data, and real-world projects designed to make you industry-ready. 📍 Available in Bhubaneswar, Aurangabad & Pune 🌐 💬 If you could master one Data Engineering skill today, what would it be? DataEngineering DataEngineering AVDGroup CareerGrowth TechCareers bigdata python SQL",positive
2640,youtube,Digital Marketing,That was all the info I needed thanks,positive
1758,youtube,AWS,Super bro!!! very much useful...,positive
4576,instagram,Data Engineering,"AI is coming for data jobs. And analysts are first in line. Here's the honest breakdown: the repetitive, query-writing, dashboard-building work is exactly what AI does well. But the engineers who design the systems, own the pipelines, and make the architecture decisions? That work is getting more valuable, not less. The gap between ""analyst"" and ""engineer"" used to be a nice-to-have. Now it's the difference between being automated and being essential. The window to make this transition is open. It won't always be. 🔗 Free training in our bio — land your dream data job and get paid what you're worth. dataengineering dataanalyst aiautomation datacareers careertransition dataengineer",positive
4249,youtube,Digital Transformation,Thanks for sharing this information.,positive
4393,youtube,Digital Transformation,I agree with you 100% the transformation is about improving and or automating business process starting with a good use case. Great Video!,positive
4520,instagram,AWS,"🚀Looking for an experienced L3 Support Engineer to support mission-critical applications, resolve complex incidents, and ensure seamless system availability. 📍 Bangalore | WFO 💼 Experience: 5+ Years Bring your expertise in Java, SQL, Linux, AWS, Production Support, and Incident Management to a team that values innovation and excellence. 📩 Share your resume at sankar .com L3Support ProductionSupport AWS JavaJobs LinuxAdmin IncidentManagement TechCareers Hiring Velansys BangaloreJobs SupportEngineerJobs",positive
4582,instagram,Data Engineering,"Your data is more than just information; it's your competitive advantage. As businesses generate massive volumes of data, the real challenge is transforming it into actionable insights that drive growth and innovation. With Databricks and Zyneto, organizations can unify data, analytics, AI, and AI agent on a single platform to: ✅ Eliminate data silos ✅ Enable real-time analytics ✅ Accelerate AI & ML initiatives ✅ Improve decision-making ✅ Build scalable data ecosystems The future belongs to organizations that can turn data into intelligence and intelligence into action. Ready to unlock the full value of your data? databricks dataengineering zyneto zynetoglobaltechnologies zynetotech artificialintelligence dataanalytics bigdata digitaltransformation cloudcomputing",positive
783,youtube,AI Agents,Where does the agent live? Does he live in grok or chat GPT? Or does he live in a separate app?,neutral
1998,youtube,Databricks,Speechless after going through the entire video . Your way of explaining things is top notch and very easy to understand . Thankful ! keep making such videos,positive
640,youtube,AI Agents,"thanks very much, your video is amazing and so useful for me, thank you",positive
1131,youtube,Automation,"I used to think doing YouTube automation manually made me better at it, but looking back, I was just burning hours for no real gain. Anyone else feel this way? The setup challenged some assumptions but paid off quickly.",positive
2475,youtube,Data Engineering,I am currently a QA with 2 years of overall experience can i shift my career to data engineer?,neutral
755,youtube,AI Agents,Well explained,positive
4590,instagram,Digital Marketing,"⚡ We Design Faster Than You Refresh Your Inbox Your audience is scrolling fast—and your brand needs content that grabs attention instantly. At Rylo Technicals, we create eye-catching designs and marketing strategies that help businesses stand out, engage customers, and drive real results. 🎨 Creative Designs 📱 Social Media Content 🌐 Website Solutions 📈 Digital Marketing 🚀 Brand Growth Because great design isn't just about looking good—it's about getting noticed and converting attention into action. 📞 +92 371 2341608 🌐 📧 info .com Your Brand. Our Strategy. Real Results. 💙 RyloTechnicals GraphicDesign DigitalMarketing SocialMediaDesign Branding ContentCreation CreativeAgency MarketingAgency BusinessGrowth WebDesign SocialMediaMarketing BrandStrategy GrowYourBusiness DesignThatWorks 🚀",positive
4517,instagram,AWS,Foco na certificação AWS DIA 21 AWS CloudOps Engineer FOCO NO FOCO!!! aws cloudengineer microsoft cloudadministration instagood,positive
1948,youtube,Databricks,useful video. do like this videoes understand recent fast changing tools in AI and DataEngineering also. Thanks a ton,positive
34,youtube,ChatGPT,Bro Geminis look more realistic,positive
4564,instagram,Data Engineering,"Heading to FOI2026 in Chicago? We’ll be there too. Connect with Venkat Laksh, Abhineet Jha, and Parijat Sharma from Iris Software to explore how insurers are turning strategy into growth through GenerativeAI, AgenticAI, Cloud, DataEngineering, and ApplicationModernization. As insurance leaders come together to discuss the future of the industry, we're excited to share how Iris is helping carriers modernize operations, elevate customer experiences, and build a stronger digital foundation. Also connect with our insurance team, including Glenn DeGeorge, Vaibhav Brajesh, and Mayank Khanna to discuss your technology priorities and digital transformation goals. See you at FOI and let's talk about what's next in InsuranceInnovation and DigitalTransformation.",positive
4571,instagram,Data Engineering,", Innovance's data and AI company, has officially partnered with 🚀 This collaboration brings together DataSpecta's expertise in data, analytics, and AI consulting with dbt's modern data transformation approach to help organizations build stronger capabilities in analytics engineering, data warehouse modernization, governed data pipelines, and AI-ready data foundations. By combining deep industry expertise with modern data practices, the partnership will support enterprises across banking, telecommunications, and other sectors in building scalable, reliable, and future-ready data platforms. As Innovance, we are proud to see DataSpecta, our specialized Data & AI company, further strengthen our technology ecosystem’s capabilities in data-driven transformation. Congratulations to the DataSpecta team on this important milestone. We look forward to the impact this partnership will create for our customers and the broader data community. Innovance InnovationInAdvance DataSpecta dbtLabs AnalyticsEngineering ModernDataStack DataEngineering ArtificialIntelligence EnterpriseSolutions DataTransformation",positive
1816,youtube,Databricks,"Thank you so much for putting together such a comprehensive and well-explained video. I just completed the full session, and it was incredibly helpful in building my understanding of Databricks.I truly appreciate the time, effort, and clarity you’ve put into explaining each concept—it made a complex topic feel much more approachable.Many thanks again for sharing your knowledge so generously. It’s genuinely appreciated 🙏",positive
4637,instagram,SEO,"🚨 Using AI for Blogging But Not Getting Traffic? AI can help you write faster—but it can also hurt your rankings if you use it the wrong way. Many bloggers unknowingly make mistakes like: ❌ Publishing AI content without editing ❌ Ignoring search intent ❌ Skipping fact-checking ❌ Overusing keywords ❌ Writing generic, repetitive articles The result? 📉 Low traffic and poor engagement. In my latest guide, you'll learn: ✅ The most common AI blogging mistakes ✅ Why they stop your traffic from growing ✅ Simple fixes to create content readers and search engines value 📖 Read the full article here: 💡 AI is a powerful assistant—but your strategy and expertise make the difference. Follow mjhealthblog for more AI blogging and SEO tips. AIBlogging SEO ContentMarketing ChatGPT BloggingTips aitools",neutral
2256,youtube,Data Engineering,why it is difficult to enter data engineering field as beginner?,negative
3931,youtube,Startup,"I don&39;t quite get from where did they get the funding or loan? To make such revenue first it takes investment and access to places from where they can sell for which they have to pay rent (malls, exhibitions etc.). What is the full detailed story?",neutral
